CREATE DATABASE  IF NOT EXISTS `hybridhub` /*!40100 DEFAULT CHARACTER SET utf8mb4 COLLATE utf8mb4_0900_ai_ci */ /*!80016 DEFAULT ENCRYPTION='N' */;
USE `hybridhub`;
-- MySQL dump 10.13  Distrib 8.0.40, for Win64 (x86_64)
--
-- Host: 127.0.0.1    Database: hybridhub
-- ------------------------------------------------------
-- Server version	8.0.40

/*!40101 SET @OLD_CHARACTER_SET_CLIENT=@@CHARACTER_SET_CLIENT */;
/*!40101 SET @OLD_CHARACTER_SET_RESULTS=@@CHARACTER_SET_RESULTS */;
/*!40101 SET @OLD_COLLATION_CONNECTION=@@COLLATION_CONNECTION */;
/*!50503 SET NAMES utf8 */;
/*!40103 SET @OLD_TIME_ZONE=@@TIME_ZONE */;
/*!40103 SET TIME_ZONE='+00:00' */;
/*!40014 SET @OLD_UNIQUE_CHECKS=@@UNIQUE_CHECKS, UNIQUE_CHECKS=0 */;
/*!40014 SET @OLD_FOREIGN_KEY_CHECKS=@@FOREIGN_KEY_CHECKS, FOREIGN_KEY_CHECKS=0 */;
/*!40101 SET @OLD_SQL_MODE=@@SQL_MODE, SQL_MODE='NO_AUTO_VALUE_ON_ZERO' */;
/*!40111 SET @OLD_SQL_NOTES=@@SQL_NOTES, SQL_NOTES=0 */;

--
-- Table structure for table `accounts`
--

DROP TABLE IF EXISTS `accounts`;
/*!40101 SET @saved_cs_client     = @@character_set_client */;
/*!50503 SET character_set_client = utf8mb4 */;
CREATE TABLE `accounts` (
  `id` int NOT NULL AUTO_INCREMENT,
  `email` varchar(255) DEFAULT NULL,
  `password_hash` varchar(255) NOT NULL,
  `employeeID` varchar(6) NOT NULL,
  `access` int NOT NULL DEFAULT '1',
  PRIMARY KEY (`id`),
  UNIQUE KEY `employeeID_UNIQUE` (`employeeID`),
  CONSTRAINT `employeeID-foreign` FOREIGN KEY (`employeeID`) REFERENCES `employee` (`employeeID`) ON DELETE CASCADE ON UPDATE CASCADE
) ENGINE=InnoDB AUTO_INCREMENT=21 DEFAULT CHARSET=utf8mb4 COLLATE=utf8mb4_0900_ai_ci;
/*!40101 SET character_set_client = @saved_cs_client */;

--
-- Dumping data for table `accounts`
--

LOCK TABLES `accounts` WRITE;
/*!40000 ALTER TABLE `accounts` DISABLE KEYS */;
INSERT INTO `accounts` VALUES (1,'ngzhengjie888@gmail.com','hashE001','E001',1),(2,'E002@example.com','hashE002','E002',1),(3,'E003@example.com','hashE003','E003',1),(4,'E004@example.com','hashE004','E004',1),(5,'E005@example.com','hashE005','E005',1),(6,'E006@example.com','hashE006','E006',1),(7,'E007@example.com','hashE007','E007',1),(8,'E008@example.com','hashE008','E008',1),(9,'E009@example.com','hashE009','E009',1),(10,'E010@example.com','hashE010','E010',1),(11,'E011@example.com','hashE011','E011',1),(12,'E012@example.com','hashE012','E012',1),(13,'E013@example.com','hashE013','E013',1),(14,'E014@example.com','hashE014','E014',1),(15,'E015@example.com','hashE015','E015',1),(16,'E016@example.com','hashE016','E016',1),(17,'E017@example.com','hashE017','E017',1),(18,'E018@example.com','hashE018','E018',1),(19,'E019@example.com','hashE019','E019',1),(20,'E020@example.com','hashE020','E020',1);
/*!40000 ALTER TABLE `accounts` ENABLE KEYS */;
UNLOCK TABLES;

--
-- Table structure for table `booking`
--

DROP TABLE IF EXISTS `booking`;
/*!40101 SET @saved_cs_client     = @@character_set_client */;
/*!50503 SET character_set_client = utf8mb4 */;
CREATE TABLE `booking` (
  `bookingID` int NOT NULL AUTO_INCREMENT,
  `employeeID` varchar(6) DEFAULT NULL,
  `deskID` varchar(6) DEFAULT NULL,
  `date` date NOT NULL,
  PRIMARY KEY (`bookingID`),
  KEY `employeeID_idx` (`employeeID`),
  KEY `deskID_idx` (`deskID`),
  CONSTRAINT `deskID` FOREIGN KEY (`deskID`) REFERENCES `desk` (`deskID`) ON DELETE SET NULL ON UPDATE CASCADE,
  CONSTRAINT `employeeID` FOREIGN KEY (`employeeID`) REFERENCES `employee` (`employeeID`) ON DELETE SET NULL ON UPDATE CASCADE
) ENGINE=InnoDB AUTO_INCREMENT=271 DEFAULT CHARSET=utf8mb4 COLLATE=utf8mb4_0900_ai_ci;
/*!40101 SET character_set_client = @saved_cs_client */;

--
-- Dumping data for table `booking`
--

LOCK TABLES `booking` WRITE;
/*!40000 ALTER TABLE `booking` DISABLE KEYS */;
INSERT INTO `booking` VALUES (1,'E001','D18','2025-01-01'),(2,'E002','D2','2025-01-02'),(3,'E003','D23','2025-01-03'),(4,'E004','D6','2025-01-04'),(5,'E005','D70','2025-01-05'),(6,'E006','D73','2025-01-06'),(7,'E007','D79','2025-01-07'),(8,'E008','D80','2025-01-08'),(9,'E009','D92','2025-01-09'),(10,'E010','D93','2025-01-10'),(11,'E011','D18','2025-01-11'),(12,'E012','D2','2025-01-12'),(13,'E013','D23','2025-01-13'),(14,'E014','D6','2025-01-14'),(15,'E015','D70','2025-01-15'),(16,'E016','D73','2025-01-16'),(17,'E017','D79','2025-01-17'),(18,'E018','D80','2025-01-18'),(19,'E019','D92','2025-01-19'),(20,'E020','D93','2025-01-20'),(21,'E001','D18','2025-01-21'),(22,'E002','D2','2025-01-22'),(23,'E003','D23','2025-01-23'),(24,'E004','D6','2025-01-24'),(25,'E005','D70','2025-01-25'),(26,'E006','D73','2025-01-26'),(27,'E007','D79','2025-01-27'),(28,'E008','D80','2025-01-28'),(29,'E009','D92','2025-01-29'),(30,'E010','D93','2025-01-30'),(31,'E011','D18','2025-01-31'),(32,'E012','D2','2025-01-01'),(33,'E013','D23','2025-01-02'),(34,'E014','D6','2025-01-03'),(35,'E015','D70','2025-01-04'),(36,'E016','D73','2025-01-05'),(37,'E017','D79','2025-01-06'),(38,'E018','D80','2025-01-07'),(39,'E019','D92','2025-01-08'),(40,'E020','D93','2025-01-09'),(41,'E001','D18','2025-01-10'),(42,'E002','D2','2025-01-11'),(43,'E003','D23','2025-01-12'),(44,'E004','D6','2025-01-13'),(45,'E005','D70','2025-01-14'),(46,'E006','D73','2025-01-15'),(47,'E007','D79','2025-01-16'),(48,'E008','D80','2025-01-17'),(49,'E009','D92','2025-01-18'),(50,'E010','D93','2025-01-19'),(51,'E011','D18','2025-01-20'),(52,'E012','D2','2025-01-21'),(53,'E013','D23','2025-01-22'),(54,'E014','D6','2025-01-23'),(55,'E015','D70','2025-01-24'),(56,'E016','D73','2025-01-25'),(57,'E017','D79','2025-01-26'),(58,'E018','D80','2025-01-27'),(59,'E019','D92','2025-01-28'),(60,'E020','D93','2025-01-29'),(61,'E001','D18','2025-01-30'),(62,'E002','D2','2025-01-31'),(63,'E003','D23','2025-01-01'),(64,'E004','D6','2025-01-02'),(65,'E005','D70','2025-01-03'),(66,'E006','D73','2025-01-04'),(67,'E007','D79','2025-01-05'),(68,'E008','D80','2025-01-06'),(69,'E009','D92','2025-01-07'),(70,'E010','D93','2025-01-08'),(71,'E011','D18','2025-01-09'),(72,'E012','D2','2025-01-10'),(73,'E013','D23','2025-01-11'),(74,'E014','D6','2025-01-12'),(75,'E015','D70','2025-01-13'),(76,'E016','D73','2025-01-14'),(77,'E017','D79','2025-01-15'),(78,'E018','D80','2025-01-16'),(79,'E019','D92','2025-01-17'),(80,'E020','D93','2025-01-18'),(81,'E001','D18','2025-01-19'),(82,'E002','D2','2025-01-20'),(83,'E003','D23','2025-01-21'),(84,'E004','D6','2025-01-22'),(85,'E005','D70','2025-01-23'),(86,'E006','D73','2025-01-24'),(87,'E007','D79','2025-01-25'),(88,'E008','D80','2025-01-26'),(89,'E009','D92','2025-01-27'),(90,'E010','D93','2025-01-28'),(91,'E011','D18','2025-02-01'),(92,'E012','D2','2025-02-02'),(93,'E013','D23','2025-02-03'),(94,'E014','D6','2025-02-04'),(95,'E015','D70','2025-02-05'),(96,'E016','D73','2025-02-06'),(97,'E017','D79','2025-02-07'),(98,'E018','D80','2025-02-08'),(99,'E019','D92','2025-02-09'),(100,'E020','D93','2025-02-10'),(101,'E001','D18','2025-02-11'),(102,'E002','D2','2025-02-12'),(103,'E003','D23','2025-02-13'),(104,'E004','D6','2025-02-14'),(105,'E005','D70','2025-02-15'),(106,'E006','D73','2025-02-16'),(107,'E007','D79','2025-02-17'),(108,'E008','D80','2025-02-18'),(109,'E009','D92','2025-02-19'),(110,'E010','D93','2025-02-20'),(111,'E011','D18','2025-02-21'),(112,'E012','D2','2025-02-22'),(113,'E013','D23','2025-02-23'),(114,'E014','D6','2025-02-24'),(115,'E015','D70','2025-02-25'),(116,'E016','D73','2025-02-26'),(117,'E017','D79','2025-02-27'),(118,'E018','D80','2025-02-28'),(119,'E019','D92','2025-02-01'),(120,'E020','D93','2025-02-02'),(121,'E001','D18','2025-02-03'),(122,'E002','D2','2025-02-04'),(123,'E003','D23','2025-02-05'),(124,'E004','D6','2025-02-06'),(125,'E005','D70','2025-02-07'),(126,'E006','D73','2025-02-08'),(127,'E007','D79','2025-02-09'),(128,'E008','D80','2025-02-10'),(129,'E009','D92','2025-02-11'),(130,'E010','D93','2025-02-12'),(131,'E011','D18','2025-02-13'),(132,'E012','D2','2025-02-14'),(133,'E013','D23','2025-02-15'),(134,'E014','D6','2025-02-16'),(135,'E015','D70','2025-02-17'),(136,'E016','D73','2025-02-18'),(137,'E017','D79','2025-02-19'),(138,'E018','D80','2025-02-20'),(139,'E019','D92','2025-02-21'),(140,'E020','D93','2025-02-22'),(141,'E001','D18','2025-02-23'),(142,'E002','D2','2025-02-24'),(143,'E003','D23','2025-02-25'),(144,'E004','D6','2025-02-26'),(145,'E005','D70','2025-02-27'),(146,'E006','D73','2025-02-28'),(147,'E007','D79','2025-02-01'),(148,'E008','D80','2025-02-02'),(149,'E009','D92','2025-02-03'),(150,'E010','D93','2025-02-04'),(151,'E011','D18','2025-02-05'),(152,'E012','D2','2025-02-06'),(153,'E013','D23','2025-02-07'),(154,'E014','D6','2025-02-08'),(155,'E015','D70','2025-02-09'),(156,'E016','D73','2025-02-10'),(157,'E017','D79','2025-02-11'),(158,'E018','D80','2025-02-12'),(159,'E019','D92','2025-02-13'),(160,'E020','D93','2025-02-14'),(161,'E001','D18','2025-02-15'),(162,'E002','D2','2025-02-16'),(163,'E003','D23','2025-02-17'),(164,'E004','D6','2025-02-18'),(165,'E005','D70','2025-02-19'),(166,'E006','D73','2025-02-20'),(167,'E007','D79','2025-02-21'),(168,'E008','D80','2025-02-22'),(169,'E009','D92','2025-02-23'),(170,'E010','D93','2025-02-24'),(171,'E011','D18','2025-02-25'),(172,'E012','D2','2025-02-26'),(173,'E013','D23','2025-02-27'),(174,'E014','D6','2025-02-28'),(175,'E015','D70','2025-02-01'),(176,'E016','D73','2025-02-02'),(177,'E017','D79','2025-02-03'),(178,'E018','D80','2025-02-04'),(179,'E019','D92','2025-02-05'),(180,'E020','D93','2025-02-06'),(181,'E001','D18','2025-03-01'),(182,'E002','D2','2025-03-02'),(183,'E003','D23','2025-03-03'),(184,'E004','D6','2025-03-04'),(185,'E005','D70','2025-03-05'),(186,'E006','D73','2025-03-06'),(187,'E007','D79','2025-03-07'),(188,'E008','D80','2025-03-08'),(189,'E009','D92','2025-03-09'),(190,'E010','D93','2025-03-10'),(191,'E011','D18','2025-03-11'),(192,'E012','D2','2025-03-12'),(193,'E013','D23','2025-03-13'),(194,'E014','D6','2025-03-14'),(195,'E015','D70','2025-03-15'),(196,'E016','D73','2025-03-16'),(197,'E017','D79','2025-03-17'),(198,'E018','D80','2025-03-18'),(199,'E019','D92','2025-03-19'),(200,'E020','D93','2025-03-20'),(201,'E001','D18','2025-03-21'),(202,'E002','D2','2025-03-22'),(203,'E003','D23','2025-03-23'),(204,'E004','D6','2025-03-24'),(205,'E005','D70','2025-03-25'),(206,'E006','D73','2025-03-26'),(207,'E007','D79','2025-03-27'),(208,'E008','D80','2025-03-28'),(209,'E009','D92','2025-03-29'),(210,'E010','D93','2025-03-30'),(211,'E011','D18','2025-03-31'),(212,'E012','D2','2025-03-01'),(213,'E013','D23','2025-03-02'),(214,'E014','D6','2025-03-03'),(215,'E015','D70','2025-03-04'),(216,'E016','D73','2025-03-05'),(217,'E017','D79','2025-03-06'),(218,'E018','D80','2025-03-07'),(219,'E019','D92','2025-03-08'),(220,'E020','D93','2025-03-09'),(221,'E001','D18','2025-03-10'),(222,'E002','D2','2025-03-11'),(223,'E003','D23','2025-03-12'),(224,'E004','D6','2025-03-13'),(225,'E005','D70','2025-03-14'),(226,'E006','D73','2025-03-15'),(227,'E007','D79','2025-03-16'),(228,'E008','D80','2025-03-17'),(229,'E009','D92','2025-03-18'),(230,'E010','D93','2025-03-19'),(231,'E011','D18','2025-03-20'),(232,'E012','D2','2025-03-21'),(233,'E013','D23','2025-03-22'),(234,'E014','D6','2025-03-23'),(235,'E015','D70','2025-03-24'),(236,'E016','D73','2025-03-25'),(237,'E017','D79','2025-03-26'),(238,'E018','D80','2025-03-27'),(239,'E019','D92','2025-03-28'),(240,'E020','D93','2025-03-29'),(241,'E001','D18','2025-03-30'),(242,'E002','D2','2025-03-31'),(243,'E003','D23','2025-03-01'),(244,'E004','D6','2025-03-02'),(245,'E005','D70','2025-03-03'),(246,'E006','D73','2025-03-04'),(247,'E007','D79','2025-03-05'),(248,'E008','D80','2025-03-06'),(249,'E009','D92','2025-03-07'),(250,'E010','D93','2025-03-08'),(251,'E011','D18','2025-03-09'),(252,'E012','D2','2025-03-10'),(253,'E013','D23','2025-03-11'),(254,'E014','D6','2025-03-12'),(255,'E015','D70','2025-03-13'),(256,'E016','D73','2025-03-14'),(257,'E017','D79','2025-03-15'),(258,'E018','D80','2025-03-16'),(259,'E019','D92','2025-03-17'),(260,'E020','D93','2025-03-18'),(261,'E001','D18','2025-03-19'),(262,'E002','D2','2025-03-20'),(263,'E003','D23','2025-03-21'),(264,'E004','D6','2025-03-22'),(265,'E005','D70','2025-03-23'),(266,'E006','D73','2025-03-24'),(267,'E007','D79','2025-03-25'),(268,'E008','D80','2025-03-26'),(269,'E009','D92','2025-03-27'),(270,'E010','D93','2025-03-28');
/*!40000 ALTER TABLE `booking` ENABLE KEYS */;
UNLOCK TABLES;

--
-- Table structure for table `bookmeeting`
--

DROP TABLE IF EXISTS `bookmeeting`;
/*!40101 SET @saved_cs_client     = @@character_set_client */;
/*!50503 SET character_set_client = utf8mb4 */;
CREATE TABLE `bookmeeting` (
  `meetingID` int NOT NULL AUTO_INCREMENT,
  `employeeID` varchar(6) DEFAULT NULL,
  `deskID` varchar(6) DEFAULT NULL,
  `startTime` datetime NOT NULL,
  `endTime` datetime NOT NULL,
  PRIMARY KEY (`meetingID`),
  KEY `deskID_idx` (`deskID`),
  KEY `employeeID_idx` (`employeeID`),
  CONSTRAINT `meetingDeskID` FOREIGN KEY (`deskID`) REFERENCES `desk` (`deskID`) ON DELETE SET NULL ON UPDATE CASCADE,
  CONSTRAINT `meetingEmployeeID` FOREIGN KEY (`employeeID`) REFERENCES `employee` (`employeeID`) ON DELETE SET NULL ON UPDATE CASCADE
) ENGINE=InnoDB AUTO_INCREMENT=121 DEFAULT CHARSET=utf8mb4 COLLATE=utf8mb4_0900_ai_ci;
/*!40101 SET character_set_client = @saved_cs_client */;

--
-- Dumping data for table `bookmeeting`
--

LOCK TABLES `bookmeeting` WRITE;
/*!40000 ALTER TABLE `bookmeeting` DISABLE KEYS */;
INSERT INTO `bookmeeting` VALUES (1,'E001','M45','2025-01-01 09:00:00','2025-01-01 11:00:00'),(2,'E002','M86','2025-01-02 10:00:00','2025-01-02 13:00:00'),(3,'E003','M87','2025-01-03 11:00:00','2025-01-03 15:00:00'),(4,'E004','M89','2025-01-04 12:00:00','2025-01-04 13:00:00'),(5,'E005','M9','2025-01-05 13:00:00','2025-01-05 15:00:00'),(6,'E006','M45','2025-01-06 14:00:00','2025-01-06 17:00:00'),(7,'E007','M86','2025-01-07 15:00:00','2025-01-07 19:00:00'),(8,'E008','M87','2025-01-08 08:00:00','2025-01-08 09:00:00'),(9,'E009','M89','2025-01-09 09:00:00','2025-01-09 11:00:00'),(10,'E010','M9','2025-01-10 10:00:00','2025-01-10 13:00:00'),(11,'E011','M45','2025-01-11 11:00:00','2025-01-11 15:00:00'),(12,'E012','M86','2025-01-12 12:00:00','2025-01-12 13:00:00'),(13,'E013','M87','2025-01-13 13:00:00','2025-01-13 15:00:00'),(14,'E014','M89','2025-01-14 14:00:00','2025-01-14 17:00:00'),(15,'E015','M9','2025-01-15 15:00:00','2025-01-15 19:00:00'),(16,'E016','M45','2025-01-16 08:00:00','2025-01-16 09:00:00'),(17,'E017','M86','2025-01-17 09:00:00','2025-01-17 11:00:00'),(18,'E018','M87','2025-01-18 10:00:00','2025-01-18 13:00:00'),(19,'E019','M89','2025-01-19 11:00:00','2025-01-19 15:00:00'),(20,'E020','M9','2025-01-20 12:00:00','2025-01-20 13:00:00'),(21,'E001','M45','2025-01-21 13:00:00','2025-01-21 15:00:00'),(22,'E002','M86','2025-01-22 14:00:00','2025-01-22 17:00:00'),(23,'E003','M87','2025-01-23 15:00:00','2025-01-23 19:00:00'),(24,'E004','M89','2025-01-24 08:00:00','2025-01-24 09:00:00'),(25,'E005','M9','2025-01-25 09:00:00','2025-01-25 11:00:00'),(26,'E006','M45','2025-01-26 10:00:00','2025-01-26 13:00:00'),(27,'E007','M86','2025-01-27 11:00:00','2025-01-27 15:00:00'),(28,'E008','M87','2025-01-28 12:00:00','2025-01-28 13:00:00'),(29,'E009','M89','2025-01-29 13:00:00','2025-01-29 15:00:00'),(30,'E010','M9','2025-01-30 14:00:00','2025-01-30 17:00:00'),(31,'E011','M45','2025-01-31 15:00:00','2025-01-31 19:00:00'),(32,'E012','M86','2025-01-01 08:00:00','2025-01-01 09:00:00'),(33,'E013','M87','2025-01-02 09:00:00','2025-01-02 11:00:00'),(34,'E014','M89','2025-01-03 10:00:00','2025-01-03 13:00:00'),(35,'E015','M9','2025-01-04 11:00:00','2025-01-04 15:00:00'),(36,'E016','M45','2025-01-05 12:00:00','2025-01-05 13:00:00'),(37,'E017','M86','2025-01-06 13:00:00','2025-01-06 15:00:00'),(38,'E018','M87','2025-01-07 14:00:00','2025-01-07 17:00:00'),(39,'E019','M89','2025-01-08 15:00:00','2025-01-08 19:00:00'),(40,'E020','M9','2025-01-09 08:00:00','2025-01-09 09:00:00'),(41,'E001','M45','2025-02-01 09:00:00','2025-02-01 11:00:00'),(42,'E002','M86','2025-02-02 10:00:00','2025-02-02 13:00:00'),(43,'E003','M87','2025-02-03 11:00:00','2025-02-03 15:00:00'),(44,'E004','M89','2025-02-04 12:00:00','2025-02-04 13:00:00'),(45,'E005','M9','2025-02-05 13:00:00','2025-02-05 15:00:00'),(46,'E006','M45','2025-02-06 14:00:00','2025-02-06 17:00:00'),(47,'E007','M86','2025-02-07 15:00:00','2025-02-07 19:00:00'),(48,'E008','M87','2025-02-08 08:00:00','2025-02-08 09:00:00'),(49,'E009','M89','2025-02-09 09:00:00','2025-02-09 11:00:00'),(50,'E010','M9','2025-02-10 10:00:00','2025-02-10 13:00:00'),(51,'E011','M45','2025-02-11 11:00:00','2025-02-11 15:00:00'),(52,'E012','M86','2025-02-12 12:00:00','2025-02-12 13:00:00'),(53,'E013','M87','2025-02-13 13:00:00','2025-02-13 15:00:00'),(54,'E014','M89','2025-02-14 14:00:00','2025-02-14 17:00:00'),(55,'E015','M9','2025-02-15 15:00:00','2025-02-15 19:00:00'),(56,'E016','M45','2025-02-16 08:00:00','2025-02-16 09:00:00'),(57,'E017','M86','2025-02-17 09:00:00','2025-02-17 11:00:00'),(58,'E018','M87','2025-02-18 10:00:00','2025-02-18 13:00:00'),(59,'E019','M89','2025-02-19 11:00:00','2025-02-19 15:00:00'),(60,'E020','M9','2025-02-20 12:00:00','2025-02-20 13:00:00'),(61,'E001','M45','2025-02-21 13:00:00','2025-02-21 15:00:00'),(62,'E002','M86','2025-02-22 14:00:00','2025-02-22 17:00:00'),(63,'E003','M87','2025-02-23 15:00:00','2025-02-23 19:00:00'),(64,'E004','M89','2025-02-24 08:00:00','2025-02-24 09:00:00'),(65,'E005','M9','2025-02-25 09:00:00','2025-02-25 11:00:00'),(66,'E006','M45','2025-02-26 10:00:00','2025-02-26 13:00:00'),(67,'E007','M86','2025-02-27 11:00:00','2025-02-27 15:00:00'),(68,'E008','M87','2025-02-28 12:00:00','2025-02-28 13:00:00'),(69,'E009','M89','2025-02-01 13:00:00','2025-02-01 15:00:00'),(70,'E010','M9','2025-02-02 14:00:00','2025-02-02 17:00:00'),(71,'E011','M45','2025-02-03 15:00:00','2025-02-03 19:00:00'),(72,'E012','M86','2025-02-04 08:00:00','2025-02-04 09:00:00'),(73,'E013','M87','2025-02-05 09:00:00','2025-02-05 11:00:00'),(74,'E014','M89','2025-02-06 10:00:00','2025-02-06 13:00:00'),(75,'E015','M9','2025-02-07 11:00:00','2025-02-07 15:00:00'),(76,'E016','M45','2025-02-08 12:00:00','2025-02-08 13:00:00'),(77,'E017','M86','2025-02-09 13:00:00','2025-02-09 15:00:00'),(78,'E018','M87','2025-02-10 14:00:00','2025-02-10 17:00:00'),(79,'E019','M89','2025-02-11 15:00:00','2025-02-11 19:00:00'),(80,'E020','M9','2025-02-12 08:00:00','2025-02-12 09:00:00'),(81,'E001','M45','2025-03-01 09:00:00','2025-03-01 11:00:00'),(82,'E002','M86','2025-03-02 10:00:00','2025-03-02 13:00:00'),(83,'E003','M87','2025-03-03 11:00:00','2025-03-03 15:00:00'),(84,'E004','M89','2025-03-04 12:00:00','2025-03-04 13:00:00'),(85,'E005','M9','2025-03-05 13:00:00','2025-03-05 15:00:00'),(86,'E006','M45','2025-03-06 14:00:00','2025-03-06 17:00:00'),(87,'E007','M86','2025-03-07 15:00:00','2025-03-07 19:00:00'),(88,'E008','M87','2025-03-08 08:00:00','2025-03-08 09:00:00'),(89,'E009','M89','2025-03-09 09:00:00','2025-03-09 11:00:00'),(90,'E010','M9','2025-03-10 10:00:00','2025-03-10 13:00:00'),(91,'E011','M45','2025-03-11 11:00:00','2025-03-11 15:00:00'),(92,'E012','M86','2025-03-12 12:00:00','2025-03-12 13:00:00'),(93,'E013','M87','2025-03-13 13:00:00','2025-03-13 15:00:00'),(94,'E014','M89','2025-03-14 14:00:00','2025-03-14 17:00:00'),(95,'E015','M9','2025-03-15 15:00:00','2025-03-15 19:00:00'),(96,'E016','M45','2025-03-16 08:00:00','2025-03-16 09:00:00'),(97,'E017','M86','2025-03-17 09:00:00','2025-03-17 11:00:00'),(98,'E018','M87','2025-03-18 10:00:00','2025-03-18 13:00:00'),(99,'E019','M89','2025-03-19 11:00:00','2025-03-19 15:00:00'),(100,'E020','M9','2025-03-20 12:00:00','2025-03-20 13:00:00'),(101,'E001','M45','2025-03-21 13:00:00','2025-03-21 15:00:00'),(102,'E002','M86','2025-03-22 14:00:00','2025-03-22 17:00:00'),(103,'E003','M87','2025-03-23 15:00:00','2025-03-23 19:00:00'),(104,'E004','M89','2025-03-24 08:00:00','2025-03-24 09:00:00'),(105,'E005','M9','2025-03-25 09:00:00','2025-03-25 11:00:00'),(106,'E006','M45','2025-03-26 10:00:00','2025-03-26 13:00:00'),(107,'E007','M86','2025-03-27 11:00:00','2025-03-27 15:00:00'),(108,'E008','M87','2025-03-28 12:00:00','2025-03-28 13:00:00'),(109,'E009','M89','2025-03-29 13:00:00','2025-03-29 15:00:00'),(110,'E010','M9','2025-03-30 14:00:00','2025-03-30 17:00:00'),(111,'E011','M45','2025-03-31 15:00:00','2025-03-31 19:00:00'),(112,'E012','M86','2025-03-01 08:00:00','2025-03-01 09:00:00'),(113,'E013','M87','2025-03-02 09:00:00','2025-03-02 11:00:00'),(114,'E014','M89','2025-03-03 10:00:00','2025-03-03 13:00:00'),(115,'E015','M9','2025-03-04 11:00:00','2025-03-04 15:00:00'),(116,'E016','M45','2025-03-05 12:00:00','2025-03-05 13:00:00'),(117,'E017','M86','2025-03-06 13:00:00','2025-03-06 15:00:00'),(118,'E018','M87','2025-03-07 14:00:00','2025-03-07 17:00:00'),(119,'E019','M89','2025-03-08 15:00:00','2025-03-08 19:00:00'),(120,'E020','M9','2025-03-09 08:00:00','2025-03-09 09:00:00');
/*!40000 ALTER TABLE `bookmeeting` ENABLE KEYS */;
UNLOCK TABLES;

--
-- Table structure for table `department`
--

DROP TABLE IF EXISTS `department`;
/*!40101 SET @saved_cs_client     = @@character_set_client */;
/*!50503 SET character_set_client = utf8mb4 */;
CREATE TABLE `department` (
  `departmentID` varchar(3) NOT NULL,
  `departmentName` varchar(45) NOT NULL,
  PRIMARY KEY (`departmentID`)
) ENGINE=InnoDB DEFAULT CHARSET=utf8mb4 COLLATE=utf8mb4_0900_ai_ci;
/*!40101 SET character_set_client = @saved_cs_client */;

--
-- Dumping data for table `department`
--

LOCK TABLES `department` WRITE;
/*!40000 ALTER TABLE `department` DISABLE KEYS */;
INSERT INTO `department` VALUES ('ADM','Admin'),('ENG','Engineering'),('FIN','Finance'),('HRD','Human Resources'),('MKT','Marketing'),('OPS','Operations');
/*!40000 ALTER TABLE `department` ENABLE KEYS */;
UNLOCK TABLES;

--
-- Table structure for table `desk`
--

DROP TABLE IF EXISTS `desk`;
/*!40101 SET @saved_cs_client     = @@character_set_client */;
/*!50503 SET character_set_client = utf8mb4 */;
CREATE TABLE `desk` (
  `deskID` varchar(6) NOT NULL,
  `coordX` double NOT NULL,
  `coordY` double NOT NULL,
  PRIMARY KEY (`deskID`)
) ENGINE=InnoDB DEFAULT CHARSET=utf8mb4 COLLATE=utf8mb4_0900_ai_ci;
/*!40101 SET character_set_client = @saved_cs_client */;

--
-- Dumping data for table `desk`
--

LOCK TABLES `desk` WRITE;
/*!40000 ALTER TABLE `desk` DISABLE KEYS */;
INSERT INTO `desk` VALUES ('D18',757,94),('D2',525,266),('D23',322,264),('D6',529,467),('D70',754,467),('D73',960,270),('D79',759,263),('D80',959,468),('D92',959,97),('D93',529,94),('M45',206,64),('M86',31,63),('M87',32,439),('M89',208,439),('M9',37,240);
/*!40000 ALTER TABLE `desk` ENABLE KEYS */;
UNLOCK TABLES;

--
-- Table structure for table `employee`
--

DROP TABLE IF EXISTS `employee`;
/*!40101 SET @saved_cs_client     = @@character_set_client */;
/*!50503 SET character_set_client = utf8mb4 */;
CREATE TABLE `employee` (
  `employeeID` varchar(6) NOT NULL,
  `name` varchar(45) NOT NULL,
  `prefDays` varchar(5) DEFAULT NULL,
  `departmentID` varchar(3) NOT NULL,
  PRIMARY KEY (`employeeID`),
  UNIQUE KEY `employeeID_UNIQUE` (`employeeID`),
  KEY `departmentID_idx` (`departmentID`),
  CONSTRAINT `departmentID` FOREIGN KEY (`departmentID`) REFERENCES `department` (`departmentID`) ON UPDATE CASCADE
) ENGINE=InnoDB DEFAULT CHARSET=utf8mb4 COLLATE=utf8mb4_0900_ai_ci;
/*!40101 SET character_set_client = @saved_cs_client */;

--
-- Dumping data for table `employee`
--

LOCK TABLES `employee` WRITE;
/*!40000 ALTER TABLE `employee` DISABLE KEYS */;
INSERT INTO `employee` VALUES ('E001','Marcus Ng','1','ADM'),('E002','Michael Smith','2','ADM'),('E003','Sarah Davis','3','ENG'),('E004','David Wilson','4','MKT'),('E005','Emily Brown','5','FIN'),('E006','James Miller','6','OPS'),('E007','Olivia Jones','7','HRD'),('E008','Daniel Garcia','1','ENG'),('E009','Sophia Martinez','2','MKT'),('E010','William Rodriguez','3','FIN'),('E011','Emma Hernandez','4','OPS'),('E012','Benjamin Lopez','5','HRD'),('E013','Isabella Gonzalez','6','ENG'),('E014','Jacob Perez','7','ADM'),('E015','Mia Sanchez','1','FIN'),('E016','Ethan Ramirez','2','OPS'),('E017','Ava Torres','3','HRD'),('E018','Noah Flores','4','ENG'),('E019','Charlotte Rivera','5','MKT'),('E020','Liam Gomez','6','FIN');
/*!40000 ALTER TABLE `employee` ENABLE KEYS */;
UNLOCK TABLES;
/*!40103 SET TIME_ZONE=@OLD_TIME_ZONE */;

/*!40101 SET SQL_MODE=@OLD_SQL_MODE */;
/*!40014 SET FOREIGN_KEY_CHECKS=@OLD_FOREIGN_KEY_CHECKS */;
/*!40014 SET UNIQUE_CHECKS=@OLD_UNIQUE_CHECKS */;
/*!40101 SET CHARACTER_SET_CLIENT=@OLD_CHARACTER_SET_CLIENT */;
/*!40101 SET CHARACTER_SET_RESULTS=@OLD_CHARACTER_SET_RESULTS */;
/*!40101 SET COLLATION_CONNECTION=@OLD_COLLATION_CONNECTION */;
/*!40111 SET SQL_NOTES=@OLD_SQL_NOTES */;

-- Dump completed on 2025-03-02  0:21:09
